id,first_name,last_name,email,gender,ip_address
1,Ezekiel,Lowers,elowers0@umn.edu,Male,31.89.34.200
2,Scarlett,Clashe,sclashe1@bigcartel.com,Female,2.200.142.230
3,Thorny,Bygate,tbygate2@apache.org,Male,131.230.100.28
4,Laural,Darter,ldarter3@acquirethisname.com,Agender,114.140.253.4
5,Leonore,Imos,limos4@csmonitor.com,Female,37.197.57.47
6,Kiri,Antonomolii,kantonomolii5@netlog.com,Female,249.44.116.212
7,Art,Rosterne,arosterne6@toplist.cz,Male,1.26.83.142
8,Abigael,Merrgan,amerrgan7@trellian.com,Female,211.68.184.218
9,Bryce,Bultitude,bbultitude8@phpbb.com,Male,31.221.69.46
10,Merilee,Hardin,mhardin9@virginia.edu,Female,207.151.82.115
